Date,totalTickets,noOfSVC,noOfNCMCcard,noOfMobileQR,noOfStaticQR,noOfPaperQR,noOfPaytmQR,noOfWhatsAppQR,noOfPhonePeQR,totalQrCount,noOfPromotionalRideQR,noOfTripcard,noOfTouristCard,noOfToken,noOfGroupCard,noOfTotal_QR,noOfCards,totalCards,noOfRedBusQR,noOfRapidoQR,noOfJusPayQR,noOfONDCQR,noOfSVP,noOfEventQR,noOfUberQR,noOfCumtaQR,noOfMilesKilometersQR
2025-01-19,168923.0,27673.0,28959.0,4186.0,7770.0,60995.0,11362.0,15053.0,9528.0,0.0,0.0,0.0,230.0,34.0,294.0,111733.0,28231.0,0.0,1559.0,1177.0,103.0,2839.0,,,,,
2025-01-20,336500.0,98937.0,106088.0,4951.0,9494.0,62551.0,15477.0,21684.0,12387.0,0.0,0.0,0.0,254.0,138.0,83.0,131000.0,99412.0,0.0,2500.0,1785.0,171.0,4456.0,,,,,
2025-01-21,331290.0,98976.0,110079.0,4550.0,8735.0,57359.0,14932.0,20523.0,11223.0,0.0,0.0,0.0,346.0,78.0,352.0,121459.0,99752.0,0.0,2276.0,1715.0,146.0,4137.0,,,,,
2025-01-22,330876.0,96516.0,114832.0,4223.0,8432.0,56927.0,14133.0,20336.0,10743.0,0.0,0.0,0.0,314.0,11.0,163.0,119040.0,97004.0,0.0,2344.0,1744.0,158.0,4246.0,,,,,
2025-01-23,329759.0,93099.0,116588.0,4207.0,8439.0,57680.0,13964.0,20498.0,10710.0,0.0,0.0,0.0,353.0,0.0,114.0,119605.0,93566.0,0.0,2300.0,1668.0,139.0,4107.0,,,,,
2025-01-24,338624.0,90401.0,118314.0,5026.0,9703.0,61154.0,15390.0,20293.0,12118.0,0.0,0.0,0.0,391.0,722.0,389.0,128407.0,91903.0,0.0,2572.0,1972.0,179.0,4723.0,,,,,
2025-01-25,290864.0,62241.0,84560.0,5690.0,10792.0,71676.0,15845.0,21605.0,12639.0,0.0,0.0,0.0,290.0,259.0,359.0,143155.0,63149.0,0.0,2615.0,2131.0,162.0,4908.0,,,,,
2025-01-26,186739.0,26947.0,35482.0,4604.0,8422.0,66433.0,12802.0,17386.0,10327.0,0.0,0.0,0.0,270.0,0.0,402.0,123638.0,27619.0,0.0,2020.0,1508.0,136.0,3664.0,,,,,
2025-01-27,337077.0,88543.0,121296.0,4882.0,9027.0,61186.0,14723.0,20883.0,11890.0,0.0,0.0,0.0,243.0,1.0,117.0,126877.0,88904.0,0.0,2263.0,1851.0,172.0,4286.0,,,,,
2025-01-28,332004.0,87296.0,126798.0,4465.0,8452.0,56752.0,13695.0,19219.0,10690.0,0.0,0.0,0.0,251.0,0.0,297.0,117362.0,87844.0,0.0,2221.0,1733.0,135.0,4089.0,,,,,
2025-01-29,326129.0,83241.0,125406.0,4455.0,8136.0,56147.0,13692.0,20124.0,10262.0,0.0,0.0,0.0,275.0,0.0,295.0,116912.0,83811.0,0.0,2247.0,1744.0,105.0,4096.0,,,,,
2025-01-30,331694.0,81736.0,125766.0,4633.0,8539.0,59814.0,14431.0,21047.0,10761.0,0.0,0.0,0.0,236.0,160.0,273.0,123523.0,82405.0,0.0,2310.0,1844.0,144.0,4298.0,,,,,
2025-01-31,348990.0,79364.0,125926.0,5413.0,9905.0,70499.0,16466.0,23665.0,12345.0,0.0,0.0,0.0,286.0,4.0,346.0,143064.0,80000.0,0.0,2506.0,2041.0,224.0,4771.0,,,,,
2025-02-01,288997.0,53963.0,84309.0,5719.0,10634.0,76944.0,16370.0,23013.0,12810.0,0.0,0.0,0.0,55.0,249.0,215.0,150206.0,54482.0,0.0,2369.0,2156.0,191.0,4716.0,,,,,
2025-02-02,178568.0,0.0,36901.0,4830.0,9134.0,80943.0,13073.0,18836.0,10910.0,0.0,0.0,0.0,0.0,0.0,0.0,141667.0,0.0,0.0,1895.0,1816.0,230.0,3941.0,,,,,
2025-02-03,345929.0,75511.0,128928.0,5050.0,9360.0,70815.0,16006.0,23136.0,12479.0,0.0,0.0,0.0,50.0,0.0,0.0,141440.0,75561.0,0.0,2286.0,2118.0,190.0,4594.0,,,,,
2025-02-04,338002.0,75521.0,136210.0,4507.0,8721.0,61202.0,13936.0,21656.0,11486.0,0.0,0.0,0.0,61.0,0.0,287.0,125923.0,75869.0,0.0,2309.0,1948.0,158.0,4415.0,,,,,
2025-02-05,328910.0,60604.0,137764.0,4871.0,9321.0,62024.0,14823.0,22376.0,12144.0,0.0,0.0,0.0,41.0,375.0,218.0,129908.0,61238.0,0.0,2209.0,1950.0,190.0,4349.0,,,,,
2025-02-06,346922.0,71962.0,139502.0,5123.0,9774.0,63127.0,16227.0,23574.0,12448.0,0.0,0.0,0.0,48.0,0.0,196.0,135214.0,72206.0,0.0,2491.0,2270.0,180.0,4941.0,,,,,
2025-02-07,355013.0,70562.0,140481.0,5574.0,10658.0,66954.0,16976.0,25022.0,13498.0,0.0,0.0,0.0,33.0,0.0,103.0,143834.0,70698.0,0.0,2600.0,2359.0,193.0,5152.0,,,,,
2025-02-08,275300.0,41874.0,82883.0,5990.0,11887.0,73113.0,17032.0,23802.0,13442.0,0.0,0.0,0.0,25.0,2.0,142.0,150374.0,42043.0,0.0,2373.0,2519.0,216.0,5108.0,,,,,
2025-02-09,190412.0,22272.0,39932.0,4672.0,8702.0,68301.0,12730.0,18825.0,10919.0,0.0,0.0,0.0,21.0,0.0,205.0,127982.0,22498.0,0.0,1902.0,1743.0,188.0,3833.0,,,,,
2025-02-10,344703.0,65800.0,136743.0,5361.0,10046.0,70655.0,15867.0,22910.0,12434.0,0.0,0.0,0.0,27.0,0.0,192.0,141941.0,66019.0,0.0,2378.0,2111.0,179.0,4668.0,,,,,
2025-02-11,293991.0,48978.0,105985.0,5093.0,9712.0,68684.0,15168.0,22351.0,12673.0,0.0,0.0,0.0,30.0,0.0,429.0,138569.0,49437.0,0.0,2369.0,2355.0,164.0,4888.0,,,,,
2025-02-12,338418.0,65540.0,146486.0,4669.0,8964.0,60334.0,14090.0,21619.0,11734.0,0.0,0.0,0.0,21.0,2.0,352.0,126017.0,65915.0,0.0,2278.0,2148.0,181.0,4607.0,,,,,
2025-02-13,335080.0,63580.0,147125.0,4543.0,8817.0,59491.0,14325.0,21420.0,11387.0,0.0,0.0,0.0,26.0,0.0,107.0,124242.0,63713.0,0.0,2227.0,1871.0,161.0,4259.0,,,,,
2025-02-14,349034.0,61894.0,148479.0,5382.0,10970.0,65286.0,16893.0,21804.0,13044.0,0.0,0.0,0.0,19.0,0.0,79.0,138563.0,61992.0,0.0,2557.0,2452.0,175.0,5184.0,,,,,
2025-02-15,294102.0,42839.0,97842.0,5959.0,11605.0,74517.0,17379.0,24974.0,13529.0,0.0,0.0,0.0,13.0,25.0,135.0,153248.0,43012.0,0.0,2636.0,2449.0,200.0,5285.0,,,,,
2025-02-16,185467.0,20132.0,39919.0,4472.0,8586.0,68012.0,12254.0,17943.0,10415.0,0.0,0.0,0.0,4.0,0.0,193.0,125219.0,20329.0,0.0,1752.0,1607.0,178.0,3537.0,,,,,
2025-02-17,344227.0,60307.0,149814.0,5072.0,9634.0,65221.0,14939.0,22080.0,12393.0,0.0,0.0,0.0,12.0,12.0,187.0,133895.0,60518.0,0.0,2246.0,2120.0,190.0,4556.0,,,,,
2025-02-18,308415.0,59131.0,125047.0,4281.0,8825.0,59198.0,14268.0,21413.0,11582.0,0.0,0.0,0.0,13.0,0.0,270.0,123954.0,59414.0,0.0,2133.0,2080.0,174.0,4387.0,,,,,
2025-02-19,333007.0,57576.0,153098.0,4431.0,8606.0,58992.0,13709.0,20710.0,11508.0,0.0,0.0,0.0,6.0,0.0,184.0,122143.0,57766.0,0.0,2067.0,1960.0,160.0,4187.0,,,,,
2025-02-20,329371.0,55370.0,152862.0,3964.0,8902.0,57987.0,13827.0,20228.0,11700.0,0.0,0.0,0.0,8.0,0.0,282.0,120849.0,55660.0,0.0,2090.0,2021.0,130.0,4241.0,,,,,
2025-02-21,340125.0,54492.0,151751.0,3867.0,10095.0,61929.0,15672.0,24272.0,12976.0,0.0,0.0,0.0,0.0,0.0,238.0,133644.0,54730.0,0.0,2244.0,2433.0,156.0,4833.0,,,,,
2025-02-22,282125.0,36245.0,95629.0,5264.0,11372.0,72463.0,17105.0,24668.0,13849.0,0.0,0.0,0.0,0.0,1.0,376.0,149874.0,36622.0,0.0,2394.0,2540.0,219.0,5153.0,,,,,
2025-02-23,184121.0,18619.0,41249.0,4594.0,8865.0,64699.0,12695.0,18828.0,10479.0,0.0,0.0,0.0,0.0,0.0,200.0,124053.0,18819.0,0.0,1931.0,1806.0,156.0,3893.0,,,,,
2025-02-24,337251.0,53474.0,155394.0,4756.0,9304.0,59822.0,15017.0,22552.0,12136.0,0.0,0.0,0.0,0.0,0.0,253.0,128130.0,53727.0,0.0,2165.0,2196.0,182.0,4543.0,,,,,
2025-02-25,335943.0,52623.0,159497.0,4302.0,8861.0,57208.0,14617.0,22060.0,12172.0,0.0,0.0,0.0,0.0,0.0,188.0,123635.0,52811.0,0.0,2112.0,2092.0,211.0,4415.0,,,,,
2025-02-26,318727.0,48752.0,150980.0,4305.0,8664.0,56015.0,13706.0,20228.0,11754.0,0.0,0.0,0.0,0.0,0.0,22.0,118973.0,48774.0,0.0,2061.0,2059.0,181.0,4301.0,,,,,
2025-02-27,312973.0,47720.0,147678.0,4121.0,8399.0,55242.0,13641.0,20489.0,11033.0,0.0,0.0,0.0,0.0,0.0,388.0,117187.0,48108.0,0.0,2150.0,1961.0,151.0,4262.0,,,,,
2025-02-28,333677.0,48782.0,154158.0,4672.0,9163.0,61514.0,15206.0,22586.0,12631.0,0.0,0.0,0.0,0.0,85.0,154.0,130498.0,49021.0,0.0,2297.0,2244.0,185.0,4726.0,,,,,
2025-02-28,334460.0,48995.0,154463.0,4732.0,9169.0,61681.0,15214.0,22598.0,12635.0,0.0,0.0,0.0,0.0,83.0,154.0,130765.0,49232.0,0.0,2318.0,2238.0,180.0,4736.0,,,,,
2025-03-01,285843.0,34884.0,103771.0,5945.0,11109.0,73661.0,16116.0,21711.0,13691.0,0.0,0.0,0.0,0.0,0.0,0.0,147188.0,34884.0,0.0,2233.0,2528.0,194.0,4955.0,,,,,
2025-03-02,186395.0,17211.0,41743.0,4637.0,8616.0,69016.0,12461.0,18303.0,10697.0,0.0,0.0,0.0,0.0,0.0,0.0,127441.0,17211.0,0.0,1779.0,1749.0,183.0,3711.0,,,,,
2025-03-03,335882.0,46895.0,155941.0,4706.0,9778.0,62627.0,15652.0,22803.0,12808.0,0.0,0.0,0.0,0.0,131.0,0.0,132915.0,47026.0,0.0,2115.0,2244.0,182.0,4541.0,,,,,
2025-03-04,329327.0,46002.0,163558.0,4001.0,8739.0,53913.0,14092.0,21381.0,11667.0,0.0,0.0,0.0,0.0,1688.0,0.0,118079.0,47690.0,0.0,2052.0,2080.0,154.0,4286.0,,,,,
2025-03-05,327858.0,45198.0,164603.0,3778.0,8433.0,55242.0,13878.0,20897.0,11588.0,0.0,0.0,0.0,0.0,10.0,0.0,118047.0,45208.0,0.0,1970.0,2106.0,155.0,4231.0,,,,,
2025-03-06,334038.0,44842.0,165512.0,4169.0,9138.0,58378.0,14248.0,21342.0,11872.0,0.0,0.0,0.0,0.0,53.0,23.0,123608.0,44918.0,0.0,2142.0,2145.0,174.0,4461.0,,,,,
2025-03-07,344225.0,43363.0,163733.0,4767.0,10274.0,63326.0,16155.0,24132.0,13456.0,0.0,0.0,0.0,0.0,46.0,0.0,137083.0,43409.0,0.0,2372.0,2408.0,193.0,4973.0,,,,,
2025-03-08,263942.0,27947.0,92193.0,6489.0,12239.0,77181.0,17248.0,10128.0,14595.0,0.0,0.0,0.0,0.0,97.0,0.0,143705.0,28044.0,0.0,2479.0,3131.0,215.0,5825.0,,,,,
2025-03-09,207814.0,17277.0,45142.0,5273.0,10175.0,82107.0,13487.0,18022.0,11494.0,0.0,0.0,0.0,0.0,289.0,74.0,145032.0,17640.0,0.0,2003.0,2325.0,146.0,4474.0,,,,,
2025-03-10,343713.0,42309.0,165782.0,4849.0,10127.0,65829.0,15520.0,21784.0,12934.0,0.0,0.0,0.0,0.0,0.0,0.0,135622.0,42309.0,0.0,2243.0,2184.0,152.0,4579.0,,,,,
2025-03-11,329610.0,41061.0,168344.0,4811.0,9395.0,63520.0,14985.0,9811.0,12469.0,0.0,0.0,0.0,0.0,0.0,0.0,120205.0,41061.0,0.0,2213.0,2811.0,190.0,5214.0,,,,,
2025-03-12,337403.0,40535.0,170382.0,4605.0,8837.0,63426.0,14326.0,18883.0,11346.0,0.0,0.0,0.0,0.0,0.0,0.0,126486.0,40535.0,0.0,2073.0,2816.0,174.0,5063.0,,,,,
2025-03-13,331857.0,39537.0,170441.0,4747.0,10038.0,59283.0,14980.0,15239.0,12187.0,0.0,0.0,0.0,0.0,0.0,0.0,121879.0,39537.0,0.0,2158.0,3061.0,186.0,5405.0,,,,,
2025-03-14,328896.0,36317.0,161751.0,4962.0,9876.0,60435.0,16071.0,21277.0,12254.0,0.0,0.0,0.0,0.0,197.0,0.0,130631.0,36514.0,0.0,2361.0,3212.0,183.0,5756.0,,,,,
2025-03-15,276086.0,27958.0,109342.0,5184.0,10377.0,66788.0,15658.0,22158.0,12485.0,0.0,0.0,0.0,0.0,0.0,0.0,138786.0,27958.0,0.0,2241.0,3718.0,177.0,6136.0,,,,,
2025-03-16,176949.0,14633.0,44327.0,4964.0,10273.0,66701.0,13830.0,5317.0,11085.0,0.0,0.0,0.0,0.0,88.0,0.0,117901.0,14721.0,0.0,2093.0,3426.0,212.0,5731.0,,,,,
2025-03-17,334956.0,36787.0,172052.0,4503.0,8988.0,60466.0,14270.0,20123.0,11822.0,0.0,0.0,0.0,0.0,86.0,0.0,126031.0,36873.0,0.0,2164.0,3532.0,163.0,5859.0,,,,,
2025-03-18,329882.0,36184.0,175298.0,4207.0,8251.0,56205.0,13828.0,19176.0,10918.0,0.0,0.0,0.0,0.0,0.0,21.0,118379.0,36205.0,0.0,2096.0,3558.0,140.0,5794.0,,,,,
2025-03-19,331784.0,35366.0,176554.0,4305.0,8305.0,58231.0,13531.0,18695.0,10998.0,0.0,0.0,0.0,0.0,0.0,27.0,119837.0,35393.0,0.0,2037.0,3602.0,133.0,5772.0,,,,,
2025-03-20,328212.0,33771.0,176240.0,4258.0,8432.0,55143.0,13990.0,19516.0,11054.0,0.0,0.0,0.0,0.0,0.0,0.0,118201.0,33771.0,0.0,1943.0,3669.0,196.0,5808.0,,,,,
2025-03-21,333236.0,33287.0,173651.0,4500.0,8909.0,52072.0,14488.0,20710.0,11522.0,0.0,0.0,0.0,0.0,6733.0,0.0,119565.0,40020.0,0.0,2151.0,4985.0,228.0,7364.0,,,,,
2025-03-22,264628.0,22949.0,105529.0,5055.0,9463.0,65417.0,14338.0,21472.0,11725.0,0.0,0.0,0.0,0.0,1.0,0.0,136149.0,22950.0,0.0,2170.0,6336.0,173.0,8679.0,,,,,
2025-03-23,173970.0,12752.0,44414.0,3965.0,8144.0,60295.0,11670.0,16428.0,9463.0,0.0,0.0,0.0,0.0,14.0,0.0,116790.0,12766.0,0.0,1750.0,4898.0,177.0,6825.0,,,,,
2025-03-24,331207.0,31622.0,175243.0,4336.0,8705.0,58431.0,14343.0,19790.0,11244.0,0.0,0.0,0.0,0.0,0.0,0.0,124342.0,31622.0,0.0,1912.0,5417.0,164.0,7493.0,,,,,
2025-03-25,318764.0,30260.0,173514.0,4046.0,7999.0,53893.0,13125.0,18223.0,10358.0,0.0,0.0,0.0,0.0,0.0,0.0,114990.0,30260.0,0.0,1921.0,5265.0,160.0,7346.0,,,,,
2025-03-26,325721.0,28910.0,177139.0,3953.0,8391.0,59383.0,13369.0,18104.0,10047.0,0.0,0.0,0.0,0.0,52.0,0.0,119620.0,28962.0,0.0,1895.0,4333.0,145.0,6373.0,,,,,
2025-03-27,332455.0,29097.0,178659.0,3319.0,9034.0,58712.0,14584.0,20135.0,11164.0,0.0,0.0,0.0,0.0,0.0,110.0,124589.0,29207.0,0.0,2084.0,5390.0,167.0,7641.0,,,,,
2025-03-28,341841.0,27958.0,173745.0,4415.0,10509.0,64461.0,16854.0,22938.0,12689.0,0.0,0.0,0.0,0.0,0.0,25.0,140113.0,27983.0,0.0,2285.0,5745.0,217.0,8247.0,,,,,
2025-03-29,279138.0,21966.0,116914.0,5452.0,10657.0,67085.0,15251.0,21652.0,11907.0,0.0,0.0,0.0,0.0,0.0,0.0,140258.0,21966.0,0.0,2019.0,6040.0,195.0,8254.0,,,,,
2025-03-30,172213.0,11990.0,46688.0,4112.0,8120.0,59757.0,11063.0,15870.0,8333.0,0.0,0.0,0.0,0.0,4.0,0.0,113531.0,11994.0,0.0,1595.0,4528.0,153.0,6276.0,,,,,
2025-03-31,222083.0,16859.0,86762.0,4131.0,8248.0,60868.0,11847.0,17133.0,9553.0,0.0,0.0,0.0,0.0,0.0,0.0,118462.0,16859.0,0.0,1579.0,4924.0,179.0,6682.0,,,,,
2025-04-01,320095.0,24008.0,171302.0,4218.0,8766.0,59979.0,13701.0,19493.0,10464.0,0.0,0.0,0.0,0.0,0.0,0.0,124785.0,24008.0,0.0,1829.0,6185.0,150.0,8164.0,,,,,
2025-04-02,323056.0,23846.0,177795.0,4024.0,8623.0,58566.0,13873.0,19198.0,10437.0,0.0,0.0,0.0,0.0,0.0,0.0,121415.0,23846.0,0.0,1404.0,5135.0,155.0,6694.0,,,,,
2025-04-03,324488.0,24253.0,177963.0,3811.0,8414.0,58416.0,13758.0,19722.0,10630.0,0.0,0.0,0.0,0.0,0.0,0.0,122272.0,24253.0,0.0,1750.0,5651.0,120.0,7521.0,,,,,
2025-04-04,331693.0,24495.0,176317.0,4269.0,8304.0,63129.0,14563.0,20952.0,11393.0,0.0,0.0,0.0,0.0,0.0,35.0,130846.0,24530.0,0.0,1766.0,6306.0,164.0,8236.0,,,,,
2025-04-05,281042.0,20253.0,121939.0,4881.0,9298.0,67803.0,14908.0,21366.0,11554.0,0.0,0.0,0.0,0.0,6.0,0.0,138844.0,20259.0,0.0,1851.0,6986.0,197.0,9034.0,,,,,
2025-04-06,172851.0,10823.0,46385.0,3934.0,7601.0,59796.0,11288.0,16293.0,9552.0,0.0,0.0,0.0,0.0,25.0,0.0,115618.0,10848.0,0.0,1633.0,5362.0,159.0,7154.0,,,,,
2025-04-07,329073.0,24180.0,179261.0,4148.0,8439.0,59383.0,14020.0,20236.0,11064.0,0.0,0.0,0.0,0.0,1.0,0.0,125631.0,24181.0,0.0,1754.0,6465.0,122.0,8341.0,,,,,
2025-04-08,328581.0,24221.0,181451.0,4011.0,8178.0,57993.0,13595.0,19761.0,10828.0,0.0,0.0,0.0,0.0,30.0,0.0,122879.0,24251.0,0.0,1814.0,6552.0,147.0,8513.0,,,,,
2025-04-09,338965.0,24627.0,183278.0,4360.0,8564.0,61818.0,14332.0,21287.0,11420.0,0.0,0.0,0.0,0.0,19.0,0.0,131041.0,24646.0,0.0,1994.0,7110.0,156.0,9260.0,,,,,
2025-04-10,281018.0,19518.0,131556.0,4563.0,8825.0,61890.0,14530.0,20025.0,11196.0,0.0,0.0,0.0,0.0,71.0,26.0,129847.0,19615.0,0.0,1846.0,6793.0,179.0,8818.0,,,,,
2025-04-11,335219.0,22986.0,165523.0,5302.0,10675.0,67541.0,16770.0,24024.0,13309.0,0.0,0.0,0.0,0.0,223.0,0.0,146487.0,23209.0,0.0,2188.0,6507.0,171.0,8866.0,,,,,
2025-04-12,255729.0,17560.0,98322.0,4684.0,9640.0,77476.0,14191.0,18269.0,11330.0,0.0,0.0,0.0,0.0,42.0,0.0,139805.0,17602.0,0.0,1897.0,2120.0,198.0,4215.0,,,,,
2025-04-13,169085.0,10724.0,44376.0,3930.0,7794.0,62050.0,11100.0,15278.0,9258.0,0.0,0.0,0.0,0.0,67.0,0.0,113918.0,10791.0,0.0,1471.0,2873.0,164.0,4508.0,,,,,
2025-04-14,173543.0,10800.0,56536.0,3609.0,7004.0,55748.0,10413.0,14746.0,9058.0,0.0,0.0,0.0,0.0,66.0,0.0,106141.0,10866.0,0.0,1303.0,4137.0,123.0,5563.0,,,,,
2025-04-15,324865.0,23042.0,174611.0,4348.0,8675.0,59378.0,14053.0,20553.0,11324.0,0.0,0.0,0.0,0.0,0.0,0.0,127212.0,23042.0,0.0,1801.0,6903.0,177.0,8881.0,,,,,
2025-04-16,321181.0,23107.0,171077.0,4102.0,8468.0,61610.0,13623.0,19537.0,10845.0,0.0,0.0,0.0,0.0,0.0,0.0,126997.0,23107.0,0.0,1844.0,6812.0,156.0,8812.0,,,,,
2025-04-17,329132.0,23560.0,172405.0,4376.0,9415.0,63180.0,14023.0,21328.0,11417.0,0.0,0.0,0.0,0.0,0.0,0.0,133167.0,23560.0,0.0,1897.0,7352.0,179.0,9428.0,,,,,
2025-04-18,245770.0,16280.0,102397.0,4261.0,9159.0,62448.0,12936.0,18788.0,10804.0,0.0,0.0,0.0,0.0,0.0,0.0,127093.0,16280.0,0.0,1686.0,6848.0,163.0,8697.0,,,,,
2025-04-19,262601.0,17761.0,108435.0,4989.0,10132.0,68190.0,13734.0,17592.0,11386.0,0.0,0.0,0.0,0.0,12.0,0.0,136393.0,17773.0,0.0,1740.0,8447.0,183.0,10370.0,,,,,
2025-04-20,178442.0,11080.0,45558.0,4152.0,8479.0,63978.0,11682.0,15531.0,9687.0,0.0,0.0,0.0,0.0,8.0,31.0,121765.0,11119.0,0.0,1556.0,6549.0,151.0,8256.0,,,,,
2025-04-21,330348.0,23519.0,172395.0,4405.0,8873.0,64442.0,13997.0,20577.0,11793.0,0.0,0.0,0.0,0.0,9.0,0.0,134425.0,23528.0,0.0,1743.0,8419.0,176.0,10338.0,,,,,
2025-04-22,328000.0,23409.0,177087.0,3998.0,8475.0,60726.0,13489.0,19692.0,10828.0,0.0,0.0,0.0,0.0,731.0,0.0,126773.0,24140.0,0.0,1702.0,7697.0,166.0,9565.0,,,,,
2025-04-23,327214.0,23309.0,175057.0,4114.0,8806.0,62832.0,13361.0,19439.0,10711.0,0.0,0.0,0.0,0.0,0.0,0.0,128848.0,23309.0,0.0,1796.0,7630.0,159.0,9585.0,,,,,
2025-04-24,328087.0,23340.0,176980.0,4165.0,8680.0,62166.0,13191.0,19183.0,10679.0,0.0,0.0,0.0,0.0,67.0,0.0,127700.0,23407.0,0.0,1795.0,7712.0,129.0,9636.0,,,,,
2025-04-25,334861.0,23347.0,170318.0,4976.0,9700.0,66883.0,14992.0,21481.0,12378.0,0.0,0.0,0.0,0.0,4.0,36.0,141156.0,23387.0,0.0,1885.0,8684.0,177.0,10746.0,,,,,
2025-04-26,272362.0,17682.0,110203.0,4991.0,10237.0,69448.0,14412.0,21504.0,11861.0,0.0,0.0,0.0,0.0,31.0,0.0,144446.0,17713.0,0.0,1998.0,9834.0,161.0,11993.0,,,,,
2025-04-27,180382.0,10683.0,47878.0,4101.0,8241.0,63980.0,11500.0,15024.0,9841.0,0.0,0.0,0.0,0.0,18.0,0.0,121803.0,10701.0,0.0,1574.0,7394.0,148.0,9116.0,,,,,
2025-04-28,325898.0,22673.0,170517.0,4208.0,8672.0,64262.0,13805.0,20166.0,11068.0,0.0,0.0,0.0,0.0,16.0,0.0,132692.0,22689.0,0.0,1703.0,8665.0,143.0,10511.0,,,,,
2025-04-29,328353.0,22966.0,171677.0,4243.0,8779.0,65835.0,13394.0,19720.0,10726.0,0.0,0.0,0.0,0.0,0.0,0.0,133710.0,22966.0,0.0,1656.0,9207.0,150.0,11013.0,,,,,
2025-04-30,348125.0,23839.0,167161.0,5361.0,10778.0,77278.0,15888.0,22370.0,12976.0,0.0,0.0,0.0,0.0,0.0,0.0,157125.0,23839.0,0.0,1957.0,10312.0,205.0,12474.0,,,,,
2025-05-01,219871.0,13241.0,64791.0,4907.0,9704.0,71654.0,14156.0,19018.0,11358.0,0.0,0.0,0.0,0.0,0.0,22.0,141817.0,13263.0,0.0,1938.0,8906.0,176.0,11020.0,,,,,
2025-05-02,314223.0,21269.0,151448.0,4761.0,9778.0,68964.0,14514.0,20681.0,11269.0,0.0,0.0,0.0,0.0,6.0,0.0,141500.0,21275.0,0.0,1869.0,9513.0,151.0,11533.0,,,,,
2025-05-03,156044.0,9659.0,65578.0,2867.0,5506.0,39304.0,7900.0,11547.0,6407.0,0.0,0.0,0.0,0.0,0.0,0.0,80807.0,9659.0,0.0,999.0,6158.0,119.0,7276.0,,,,,
2025-05-04,,,,,,,,,,,,,,,,,,,,,,,,,,,
2025-05-05,322302.0,21434.0,160408.0,4549.0,9263.0,67198.0,14349.0,20558.0,12108.0,0.0,0.0,0.0,0.0,3.0,0.0,140457.0,21437.0,0.0,1890.0,10355.0,187.0,12432.0,,,,,
2025-05-06,317947.0,21184.0,163863.0,4192.0,8760.0,63730.0,13396.0,19557.0,11380.0,0.0,0.0,0.0,0.0,0.0,0.0,132900.0,21184.0,0.0,1656.0,10072.0,157.0,11885.0,,,,,
2025-05-07,312432.0,21328.0,162001.0,4177.0,8676.0,62702.0,13133.0,18187.0,11156.0,0.0,0.0,0.0,0.0,0.0,0.0,129103.0,21328.0,0.0,1714.0,9196.0,162.0,11072.0,,,,,
2025-05-08,312688.0,21498.0,161011.0,4295.0,8709.0,62663.0,13205.0,19071.0,11297.0,0.0,0.0,0.0,0.0,221.0,0.0,129958.0,21719.0,0.0,1772.0,8762.0,184.0,10718.0,,,,,
2025-05-09,318715.0,21345.0,155918.0,5132.0,9962.0,68692.0,14478.0,19476.0,12254.0,0.0,0.0,0.0,0.0,160.0,0.0,141292.0,21505.0,0.0,1967.0,9147.0,184.0,11298.0,,,,,
2025-05-10,258080.0,16231.0,94106.0,5252.0,10783.0,73924.0,14794.0,20986.0,10440.0,0.0,0.0,0.0,0.0,0.0,20.0,147723.0,16251.0,0.0,2023.0,9363.0,158.0,11544.0,,,,,
2025-05-11,181927.0,10121.0,43913.0,3953.0,8638.0,70276.0,10873.0,16501.0,9064.0,0.0,0.0,0.0,0.0,0.0,0.0,127893.0,10121.0,0.0,1613.0,6853.0,122.0,8588.0,,,,,
2025-05-12,307109.0,19771.0,150155.0,4641.0,9550.0,69791.0,14485.0,19943.0,9098.0,0.0,0.0,0.0,0.0,0.0,0.0,137183.0,19771.0,0.0,1784.0,7728.0,163.0,9675.0,,,,,
2025-05-13,311218.0,21093.0,160246.0,4274.0,8706.0,64794.0,12861.0,18916.0,10208.0,0.0,0.0,0.0,0.0,0.0,0.0,129879.0,21093.0,0.0,1600.0,8347.0,173.0,10120.0,,,,,
2025-05-14,318410.0,21049.0,162875.0,4198.0,8865.0,67281.0,13341.0,19595.0,10644.0,0.0,0.0,0.0,0.0,0.0,0.0,134486.0,21049.0,0.0,1643.0,8752.0,167.0,10562.0,,,,,
2025-05-15,312896.0,21077.0,161877.0,5381.0,9453.0,74841.0,14642.0,2298.0,11540.0,0.0,0.0,0.0,0.0,0.0,0.0,129942.0,21077.0,0.0,1840.0,9741.0,206.0,11787.0,,,,,
2025-05-16,320838.0,20905.0,158758.0,4844.0,9161.0,70041.0,14962.0,19398.0,11519.0,0.0,0.0,0.0,0.0,0.0,0.0,141175.0,20905.0,0.0,1977.0,9068.0,205.0,11250.0,,,,,
2025-05-17,270065.0,17180.0,106979.0,5562.0,10146.0,73147.0,14545.0,20840.0,11410.0,0.0,0.0,0.0,0.0,0.0,22.0,145884.0,17202.0,0.0,1794.0,8222.0,218.0,10234.0,,,,,
2025-05-18,184541.0,10338.0,45225.0,4506.0,8359.0,71273.0,11588.0,15990.0,9422.0,0.0,0.0,0.0,0.0,0.0,21.0,128957.0,10359.0,0.0,1606.0,6042.0,171.0,7819.0,,,,,
2025-05-19,311884.0,21082.0,153593.0,4762.0,9543.0,70349.0,14365.0,18013.0,11223.0,0.0,0.0,0.0,0.0,0.0,0.0,137209.0,21082.0,0.0,1751.0,7030.0,173.0,8954.0,,,,,
2025-05-20,313685.0,21295.0,162305.0,4352.0,8763.0,64867.0,13489.0,18524.0,10626.0,0.0,0.0,0.0,0.0,0.0,40.0,130045.0,21335.0,0.0,1710.0,7529.0,185.0,9424.0,,,,,
2025-05-21,314874.0,21543.0,162660.0,4352.0,8966.0,65709.0,13292.0,18209.0,10353.0,0.0,0.0,0.0,0.0,0.0,0.0,130671.0,21543.0,0.0,1740.0,7880.0,170.0,9790.0,,,,,
2025-05-22,310240.0,21123.0,157961.0,4476.0,9182.0,65949.0,13070.0,18021.0,10432.0,0.0,0.0,0.0,0.0,0.0,0.0,131156.0,21123.0,0.0,1722.0,8144.0,160.0,10026.0,,,,,
2025-05-23,316874.0,21432.0,153556.0,4954.0,9902.0,70391.0,14232.0,19952.0,11710.0,0.0,0.0,0.0,0.0,0.0,0.0,141886.0,21432.0,0.0,1833.0,8705.0,207.0,10745.0,,,,,
2025-05-24,254222.0,16074.0,95530.0,5109.0,10215.0,71544.0,13976.0,19628.0,11176.0,0.0,0.0,0.0,0.0,90.0,0.0,142528.0,16164.0,0.0,1754.0,8947.0,179.0,10880.0,,,,,
2025-05-25,185391.0,10340.0,45536.0,4310.0,8704.0,69894.0,11428.0,16619.0,9667.0,0.0,0.0,0.0,0.0,0.0,0.0,129515.0,10340.0,0.0,1306.0,7449.0,138.0,8893.0,,,,,
2025-05-26,312541.0,21075.0,154871.0,4740.0,9169.0,67057.0,13791.0,19668.0,11283.0,0.0,0.0,0.0,0.0,0.0,0.0,136595.0,21075.0,0.0,1747.0,8957.0,183.0,10887.0,,,,,
2025-05-27,103599.0,21183.0,53114.0,1144.0,2105.0,12456.0,3538.0,4834.0,2760.0,0.0,0.0,0.0,0.0,0.0,0.0,29302.0,21183.0,0.0,512.0,1910.0,43.0,2465.0,,,,,
2025-05-28,313907.0,21198.0,156490.0,4167.0,8980.0,69883.0,13226.0,18800.0,10587.0,0.0,0.0,0.0,0.0,7.0,0.0,136212.0,21205.0,0.0,1601.0,8771.0,197.0,10569.0,,,,,
2025-05-29,306705.0,20666.0,157894.0,4244.0,8694.0,63765.0,13063.0,18342.0,10126.0,0.0,0.0,0.0,0.0,0.0,24.0,128121.0,20690.0,0.0,1736.0,7971.0,180.0,9887.0,,,,,
2025-05-30,308273.0,20579.0,155137.0,4355.0,9128.0,64926.0,13792.0,19519.0,10972.0,0.0,0.0,0.0,0.0,21.0,0.0,132536.0,20600.0,0.0,1699.0,7952.0,193.0,9844.0,,,,,
2025-05-31,271182.0,17189.0,109967.0,4991.0,10639.0,70823.0,14512.0,20998.0,11788.0,0.0,0.0,0.0,0.0,0.0,0.0,144026.0,17189.0,0.0,2025.0,8071.0,179.0,10275.0,,,,,
2025-06-01,180924.0,10158.0,45625.0,3940.0,8825.0,67897.0,11530.0,16285.0,9448.0,0.0,0.0,0.0,0.0,0.0,0.0,125141.0,10158.0,0.0,1545.0,5512.0,159.0,7216.0,,,,,
2025-06-02,318806.0,21783.0,162885.0,4458.0,9716.0,64034.0,14507.0,20178.0,11476.0,0.0,0.0,0.0,0.0,0.0,0.0,134138.0,21783.0,0.0,1698.0,7849.0,222.0,9769.0,,,,,
2025-06-03,323102.0,22329.0,170579.0,4276.0,9645.0,63672.0,14354.0,18326.0,11036.0,0.0,0.0,0.0,0.0,0.0,23.0,130171.0,22352.0,0.0,1779.0,6883.0,200.0,8862.0,,,,,
2025-06-04,325627.0,22442.0,168390.0,4585.0,9490.0,66072.0,13867.0,19778.0,10992.0,0.0,0.0,0.0,0.0,0.0,0.0,134795.0,22442.0,0.0,1851.0,7987.0,173.0,10011.0,,,,,
2025-06-05,338857.0,23028.0,167073.0,4959.0,10137.0,73294.0,15867.0,21251.0,11790.0,0.0,0.0,0.0,0.0,0.0,0.0,148756.0,23028.0,0.0,2071.0,9206.0,181.0,11458.0,,,,,
2025-06-06,330150.0,22275.0,157876.0,4874.0,10517.0,75155.0,15185.0,21645.0,11639.0,0.0,0.0,0.0,0.0,0.0,0.0,149999.0,22275.0,0.0,1880.0,8918.0,186.0,10984.0,,,,,
2025-06-07,242565.0,14733.0,85322.0,5060.0,9820.0,74533.0,13100.0,19012.0,11083.0,0.0,0.0,0.0,0.0,0.0,0.0,142510.0,14733.0,0.0,1786.0,7922.0,194.0,9902.0,,,,,
2025-06-08,188800.0,10831.0,46665.0,4143.0,8937.0,73399.0,10979.0,16649.0,9186.0,0.0,0.0,0.0,0.0,0.0,0.0,131304.0,10831.0,0.0,1389.0,6449.0,173.0,8011.0,,,,,
2025-06-09,107367.0,6947.0,62102.0,1578.0,3021.0,15506.0,4692.0,6732.0,3758.0,0.0,0.0,0.0,0.0,0.0,0.0,38318.0,6947.0,0.0,589.0,2396.0,46.0,3031.0,,,,,
2025-06-10,329183.0,22800.0,172379.0,4261.0,9590.0,65338.0,13861.0,19441.0,10731.0,0.0,0.0,0.0,0.0,0.0,0.0,134004.0,22800.0,0.0,1759.0,8850.0,173.0,10782.0,,,,,
2025-06-11,331213.0,22905.0,174260.0,4525.0,9426.0,64245.0,13892.0,19941.0,10762.0,0.0,0.0,0.0,0.0,8.0,0.0,134040.0,22913.0,0.0,1810.0,9224.0,215.0,11249.0,,,,,
2025-06-12,246856.0,22628.0,92449.0,4207.0,9184.0,64054.0,13914.0,18557.0,10683.0,0.0,0.0,0.0,0.0,4.0,0.0,131775.0,22632.0,0.0,1782.0,9245.0,149.0,11176.0,,,,,
2025-06-13,165760.0,23313.0,0.0,4738.0,10443.0,66192.0,15145.0,21660.0,11740.0,0.0,0.0,0.0,0.0,114.0,0.0,142333.0,23427.0,0.0,1933.0,10287.0,195.0,12415.0,,,,,
2025-06-14,160928.0,16727.0,0.0,4407.0,10497.0,70701.0,14191.0,20616.0,11339.0,0.0,0.0,0.0,0.0,67.0,0.0,144134.0,16794.0,0.0,1994.0,10197.0,192.0,12383.0,,,,,
2025-06-15,193079.0,11088.0,49276.0,4459.0,8953.0,68976.0,12249.0,18342.0,10215.0,0.0,0.0,0.0,0.0,0.0,0.0,132715.0,11088.0,0.0,1597.0,7772.0,152.0,9521.0,,,,,
2025-06-16,350234.0,23337.0,181013.0,4638.0,10219.0,69696.0,14616.0,21687.0,11893.0,0.0,0.0,0.0,0.0,0.0,0.0,145884.0,23337.0,0.0,1810.0,11104.0,221.0,13135.0,,,,,
2025-06-17,346069.0,23601.0,186915.0,4366.0,9742.0,63486.0,13917.0,19910.0,11076.0,0.0,0.0,0.0,0.0,0.0,0.0,135553.0,23601.0,0.0,1871.0,11021.0,164.0,13056.0,,,,,
2025-06-18,343785.0,23428.0,186567.0,4203.0,9652.0,62364.0,13718.0,20067.0,10761.0,0.0,0.0,0.0,0.0,154.0,0.0,133636.0,23582.0,0.0,1813.0,10897.0,161.0,12871.0,,,,,
2025-06-19,342383.0,23084.0,186171.0,4327.0,9561.0,61658.0,13927.0,19582.0,10775.0,0.0,0.0,0.0,0.0,0.0,23.0,133105.0,23107.0,0.0,1881.0,11203.0,191.0,13275.0,,,,,
2025-06-20,351185.0,23482.0,183950.0,4486.0,10824.0,65538.0,15112.0,21224.0,12218.0,0.0,0.0,0.0,0.0,0.0,0.0,143753.0,23482.0,0.0,1981.0,12177.0,193.0,14351.0,,,,,
2025-06-21,287559.0,18816.0,119141.0,5019.0,11382.0,70562.0,14679.0,21777.0,11954.0,0.0,0.0,0.0,0.0,0.0,0.0,149602.0,18816.0,0.0,2009.0,12015.0,205.0,14229.0,,,,,
2025-06-22,189081.0,10601.0,48682.0,4117.0,9384.0,66561.0,11846.0,16920.0,9847.0,0.0,0.0,0.0,0.0,0.0,0.0,129798.0,10601.0,0.0,1674.0,9292.0,157.0,11123.0,,,,,
2025-06-23,350390.0,23458.0,184972.0,4566.0,10336.0,65323.0,14295.0,20535.0,11771.0,0.0,0.0,0.0,0.0,4.0,24.0,141932.0,23486.0,0.0,1898.0,12996.0,212.0,15106.0,,,,,
2025-06-24,349179.0,23853.0,190197.0,4345.0,9523.0,62317.0,13731.0,19439.0,10653.0,0.0,0.0,0.0,0.0,0.0,0.0,135129.0,23853.0,0.0,1792.0,13151.0,178.0,15121.0,,,,,
2025-06-25,353950.0,23585.0,189967.0,4705.0,10179.0,65510.0,13963.0,20091.0,10963.0,0.0,0.0,0.0,0.0,160.0,0.0,140238.0,23745.0,0.0,1809.0,12737.0,281.0,14827.0,,,,,
2025-06-26,349176.0,23509.0,187487.0,4621.0,10073.0,64120.0,14156.0,19529.0,10738.0,0.0,0.0,0.0,0.0,2.0,0.0,138178.0,23511.0,0.0,1883.0,12754.0,304.0,14941.0,,,,,
2025-06-27,371455.0,24338.0,187549.0,5491.0,11525.0,73859.0,16130.0,23870.0,12017.0,0.0,0.0,0.0,0.0,269.0,0.0,159299.0,24607.0,0.0,1902.0,14106.0,399.0,16407.0,,,,,
2025-06-28,286025.0,17558.0,114105.0,5770.0,11648.0,72866.0,14302.0,22587.0,11391.0,0.0,0.0,0.0,0.0,279.0,0.0,154083.0,17837.0,0.0,1948.0,13110.0,461.0,15519.0,,,,,
2025-06-29,199411.0,10783.0,56200.0,4816.0,8984.0,68253.0,11616.0,17936.0,8827.0,0.0,0.0,0.0,0.0,0.0,0.0,132428.0,10783.0,0.0,1505.0,10113.0,378.0,11996.0,,,,,
2025-06-30,361188.0,23561.0,182335.0,5111.0,10571.0,71532.0,15219.0,22675.0,11750.0,0.0,0.0,0.0,0.0,188.0,0.0,155104.0,23749.0,0.0,1942.0,15963.0,341.0,18246.0,,,,,
2025-07-01,295472.0,23646.0,121176.0,4748.0,10708.0,68698.0,14392.0,22750.0,11166.0,0.0,0.0,0.0,0.0,0.0,0.0,150650.0,23646.0,0.0,1872.0,15929.0,387.0,18188.0,,,,,
2025-07-02,371372.0,23990.0,196099.0,4878.0,10599.0,70195.0,14302.0,21760.0,11249.0,0.0,0.0,0.0,0.0,0.0,0.0,151283.0,23990.0,0.0,1834.0,16143.0,323.0,18300.0,,,,,
2025-07-03,361557.0,23214.0,195197.0,4657.0,10115.0,64161.0,13908.0,20341.0,10704.0,0.0,0.0,0.0,0.0,0.0,0.0,143146.0,23214.0,0.0,1823.0,17068.0,369.0,19260.0,,,,,
2025-07-04,373842.0,24225.0,192971.0,5365.0,11303.0,68528.0,15226.0,22798.0,11974.0,0.0,0.0,0.0,0.0,6.0,0.0,156640.0,24231.0,0.0,1909.0,19212.0,325.0,21446.0,,,,,
2025-07-05,302624.0,18870.0,125913.0,5240.0,11183.0,73062.0,14375.0,22295.0,11196.0,0.0,0.0,0.0,0.0,0.0,0.0,157841.0,18870.0,0.0,1986.0,18150.0,354.0,20490.0,,,,,
2025-07-06,201256.0,10693.0,51056.0,4439.0,9645.0,70262.0,11586.0,17962.0,9795.0,0.0,0.0,0.0,0.0,0.0,23.0,139484.0,10716.0,0.0,1562.0,14040.0,193.0,15795.0,,,,,
2025-07-07,371253.0,24098.0,186832.0,4818.0,10940.0,74388.0,14470.0,21914.0,11619.0,0.0,0.0,0.0,0.0,0.0,0.0,160323.0,24098.0,0.0,1749.0,20159.0,266.0,22174.0,,,,,
2025-07-08,363716.0,23927.0,194090.0,4466.0,9551.0,64406.0,13443.0,20191.0,10419.0,0.0,0.0,0.0,0.0,0.0,0.0,145699.0,23927.0,0.0,1548.0,21478.0,197.0,23223.0,,,,,
2025-07-09,363125.0,24155.0,190748.0,4345.0,9494.0,66568.0,13263.0,19875.0,10631.0,0.0,0.0,0.0,0.0,0.0,0.0,148222.0,24155.0,0.0,1642.0,22259.0,145.0,24046.0,,,,,
2025-07-10,364515.0,23679.0,193530.0,4251.0,9390.0,66333.0,13255.0,19458.0,10540.0,0.0,0.0,0.0,0.0,0.0,0.0,147306.0,23679.0,0.0,1655.0,22261.0,163.0,24079.0,,,,,
2025-07-11,265772.0,24162.0,84272.0,4653.0,10565.0,69504.0,14861.0,21824.0,11771.0,0.0,0.0,0.0,0.0,2.0,0.0,157336.0,24164.0,0.0,1990.0,22016.0,152.0,24158.0,,,,,
2025-07-12,177740.0,16892.0,0.0,5150.0,11249.0,77724.0,14353.0,22204.0,11834.0,0.0,0.0,0.0,0.0,0.0,45.0,160803.0,16937.0,0.0,1884.0,16197.0,208.0,18289.0,,,,,
2025-07-13,153687.0,10811.0,0.0,4342.0,10288.0,73997.0,11691.0,18077.0,10224.0,0.0,0.0,0.0,0.0,0.0,0.0,142876.0,10811.0,0.0,1618.0,12473.0,166.0,14257.0,,,,,
2025-07-14,363588.0,24015.0,188788.0,4437.0,9835.0,69584.0,14170.0,20691.0,11209.0,0.0,0.0,0.0,0.0,0.0,27.0,150758.0,24042.0,0.0,1790.0,18855.0,187.0,20832.0,,,,,
2025-07-15,363078.0,23851.0,195733.0,4004.0,9158.0,64215.0,13566.0,19196.0,10187.0,0.0,0.0,0.0,0.0,0.0,0.0,143494.0,23851.0,0.0,1700.0,21289.0,179.0,23168.0,,,,,
2025-07-16,369268.0,24188.0,196983.0,4129.0,9602.0,66749.0,13594.0,19558.0,10599.0,0.0,0.0,0.0,0.0,0.0,0.0,148097.0,24188.0,0.0,1635.0,22073.0,158.0,23866.0,,,,,
2025-07-17,358218.0,23889.0,195906.0,3993.0,8926.0,61200.0,12864.0,18785.0,9727.0,0.0,0.0,0.0,0.0,22.0,0.0,138401.0,23911.0,0.0,1576.0,21141.0,189.0,22906.0,,,,,
2025-07-18,369479.0,23914.0,193734.0,4339.0,10112.0,68034.0,14391.0,19619.0,11407.0,0.0,0.0,0.0,0.0,1.0,0.0,151830.0,23915.0,0.0,1855.0,21862.0,211.0,23928.0,,,,,
2025-07-19,296528.0,18230.0,121231.0,4866.0,10806.0,73621.0,13926.0,20648.0,11511.0,0.0,0.0,0.0,0.0,0.0,0.0,157067.0,18230.0,0.0,1892.0,19641.0,156.0,21689.0,,,,,
2025-07-20,193651.0,10641.0,49460.0,4168.0,9080.0,68742.0,11625.0,13195.0,9945.0,0.0,0.0,0.0,0.0,0.0,0.0,133550.0,10641.0,0.0,1748.0,14828.0,219.0,16795.0,,,,,
2025-07-21,364081.0,24050.0,194935.0,4107.0,9400.0,63952.0,13201.0,19026.0,10994.0,0.0,0.0,0.0,0.0,0.0,0.0,145096.0,24050.0,0.0,1697.0,22519.0,200.0,24416.0,,,,,
2025-07-22,363690.0,24000.0,199112.0,3855.0,8890.0,61686.0,12957.0,18514.0,10646.0,0.0,0.0,0.0,0.0,0.0,0.0,140578.0,24000.0,0.0,1534.0,22346.0,150.0,24030.0,,,,,
2025-07-23,361501.0,23852.0,199002.0,4158.0,9095.0,61572.0,12826.0,17990.0,10265.0,0.0,0.0,0.0,0.0,0.0,0.0,138647.0,23852.0,0.0,1648.0,20911.0,182.0,22741.0,,,,,
2025-07-24,354573.0,22674.0,195717.0,3799.0,9134.0,59931.0,12768.0,18075.0,10038.0,0.0,0.0,0.0,0.0,0.0,0.0,136182.0,22674.0,0.0,1706.0,20572.0,159.0,22437.0,,,,,
2025-07-25,367397.0,23719.0,195786.0,4710.0,10030.0,63704.0,14083.0,20530.0,11291.0,0.0,0.0,0.0,0.0,3.0,0.0,147889.0,23722.0,0.0,1867.0,21490.0,184.0,23541.0,,,,,
2025-07-26,290872.0,17533.0,115424.0,5272.0,11106.0,71409.0,14766.0,22188.0,11729.0,0.0,0.0,0.0,0.0,0.0,0.0,157915.0,17533.0,0.0,2018.0,19217.0,210.0,21445.0,,,,,
2025-07-27,188547.0,9989.0,50146.0,4161.0,8323.0,63907.0,10996.0,16636.0,9264.0,0.0,0.0,0.0,0.0,0.0,0.0,128412.0,9989.0,0.0,1551.0,13383.0,191.0,15125.0,,,,,
2025-07-28,363360.0,22194.0,194392.0,4437.0,10169.0,64880.0,13726.0,19907.0,11192.0,0.0,0.0,0.0,0.0,0.0,0.0,146774.0,22194.0,0.0,1880.0,20424.0,159.0,22463.0,,,,,
2025-07-29,360066.0,21886.0,201184.0,4003.0,9078.0,60600.0,13059.0,18468.0,10004.0,0.0,0.0,0.0,0.0,0.0,0.0,136996.0,21886.0,0.0,1589.0,20012.0,183.0,21784.0,,,,,
2025-07-30,360145.0,20728.0,201090.0,3998.0,9319.0,60972.0,13184.0,18556.0,10228.0,0.0,0.0,0.0,0.0,0.0,0.0,138327.0,20728.0,0.0,1801.0,20080.0,189.0,22070.0,,,,,
2025-08-01,364739.0,15892.0,198357.0,4591.0,11056.0,67633.0,15481.0,22918.0,12164.0,0.0,0.0,0.0,0.0,0.0,0.0,150490.0,15892.0,0.0,1882.0,14568.0,197.0,16647.0,,,,,
2025-08-02,305625.0,11562.0,133212.0,5299.0,11776.0,72810.0,15691.0,22982.0,11910.0,0.0,0.0,0.0,0.0,0.0,0.0,160851.0,11562.0,0.0,2067.0,18154.0,162.0,20383.0,,,,,
2025-08-03,180691.0,6448.0,52329.0,3916.0,8453.0,59283.0,10906.0,16298.0,9556.0,0.0,0.0,0.0,0.0,0.0,0.0,121914.0,6448.0,0.0,1695.0,11661.0,146.0,13502.0,,,,,
2025-08-04,367174.0,12983.0,204798.0,4513.0,10201.0,66803.0,14805.0,21447.0,11819.0,0.0,0.0,0.0,0.0,0.0,0.0,149393.0,12983.0,0.0,1835.0,17818.0,152.0,19805.0,,,,,
2025-08-05,365023.0,11632.0,211151.0,4505.0,9642.0,63248.0,13915.0,20200.0,10965.0,0.0,0.0,0.0,0.0,0.0,0.0,142240.0,11632.0,0.0,1764.0,17881.0,120.0,19765.0,,,,,
2025-08-06,366889.0,10895.0,209811.0,4441.0,9997.0,67246.0,14155.0,19501.0,11295.0,0.0,0.0,0.0,0.0,0.0,0.0,146183.0,10895.0,0.0,1785.0,17654.0,109.0,19548.0,,,,,
2025-08-07,367501.0,10326.0,211633.0,4358.0,9737.0,67046.0,13649.0,19916.0,10949.0,0.0,0.0,0.0,0.0,0.0,0.0,145542.0,10326.0,0.0,1675.0,18102.0,110.0,19887.0,,,,,
2025-08-08,354264.0,9126.0,191812.0,4944.0,10724.0,69837.0,14744.0,21316.0,11899.0,0.0,0.0,0.0,0.0,0.0,0.0,153326.0,9126.0,0.0,1792.0,17933.0,137.0,19862.0,,,,,
2025-08-09,160780.0,7317.0,0.0,5398.0,10825.0,71887.0,14147.0,21376.0,11711.0,0.0,0.0,0.0,0.0,0.0,0.0,153463.0,7317.0,0.0,1988.0,15985.0,146.0,18119.0,,,,,
2025-08-10,134119.0,4834.0,0.0,4311.0,8485.0,65359.0,11247.0,16599.0,9832.0,0.0,0.0,0.0,0.0,0.0,0.0,129285.0,4834.0,0.0,1687.0,11657.0,108.0,13452.0,,,,,
2025-08-11,155646.0,8972.0,0.0,5011.0,9946.0,66385.0,14198.0,20333.0,11524.0,0.0,0.0,0.0,0.0,0.0,0.0,146674.0,8972.0,0.0,1697.0,17483.0,97.0,19277.0,,,,,
2025-08-12,361080.0,8256.0,213035.0,5052.0,9443.0,63281.0,13546.0,19277.0,10808.0,0.0,0.0,0.0,0.0,0.0,0.0,139789.0,8256.0,0.0,1488.0,16813.0,81.0,18382.0,,,,,
2025-08-13,368128.0,8226.0,212369.0,5460.0,9811.0,66727.0,14315.0,20634.0,11058.0,0.0,0.0,0.0,0.0,0.0,0.0,147533.0,8226.0,0.0,1688.0,17725.0,115.0,19528.0,,,,,
2025-08-14,395792.0,8700.0,208363.0,6108.0,12893.0,77000.0,18312.0,26312.0,13975.0,0.0,0.0,0.0,0.0,0.0,0.0,178729.0,8700.0,0.0,2407.0,21588.0,134.0,24129.0,,,,,
2025-08-15,223654.0,5233.0,70754.0,5308.0,9644.0,74469.0,12799.0,18309.0,10363.0,0.0,0.0,0.0,0.0,0.0,0.0,147667.0,5233.0,0.0,1707.0,14945.0,123.0,16775.0,,,,,
2025-08-16,219519.0,4737.0,85350.0,4920.0,8540.0,63446.0,11536.0,16824.0,9345.0,0.0,0.0,0.0,0.0,0.0,0.0,129432.0,4737.0,0.0,1402.0,13285.0,134.0,14821.0,,,,,
2025-08-17,136646.0,4198.0,9995.0,4963.0,8009.0,62607.0,10636.0,15062.0,8920.0,0.0,0.0,0.0,0.0,0.0,0.0,122453.0,4198.0,0.0,1439.0,10721.0,96.0,12256.0,,,,,
2025-08-18,362599.0,7240.0,203791.0,5678.0,10345.0,67604.0,15022.0,22081.0,11835.0,0.0,0.0,0.0,0.0,0.0,0.0,151568.0,7240.0,0.0,1696.0,17198.0,109.0,19003.0,,,,,
2025-08-19,364304.0,6919.0,210810.0,5773.0,9619.0,66467.0,14057.0,20426.0,10960.0,0.0,0.0,0.0,0.0,0.0,0.0,146575.0,6919.0,0.0,1619.0,17550.0,104.0,19273.0,,,,,
2025-08-20,360722.0,6637.0,205530.0,6591.0,9462.0,69041.0,13865.0,19888.0,11039.0,0.0,0.0,0.0,0.0,0.0,0.0,148555.0,6637.0,0.0,1703.0,16861.0,105.0,18669.0,,,,,
2025-08-21,352789.0,6094.0,204959.0,5506.0,9129.0,65846.0,13616.0,19554.0,10528.0,0.0,0.0,0.0,0.0,0.0,0.0,141736.0,6094.0,0.0,1553.0,15919.0,85.0,17557.0,,,,,
2025-08-22,356296.0,6050.0,200167.0,7268.0,10159.0,66701.0,14463.0,21168.0,11648.0,0.0,0.0,0.0,0.0,0.0,0.0,150079.0,6050.0,0.0,1691.0,16870.0,111.0,18672.0,,,,,
2025-08-23,276689.0,5849.0,117369.0,6801.0,10549.0,70554.0,14327.0,20809.0,11325.0,0.0,0.0,0.0,0.0,0.0,0.0,153471.0,5849.0,0.0,2094.0,16834.0,178.0,19106.0,,,,,
2025-08-24,192651.0,3799.0,53136.0,5501.0,8539.0,69166.0,11474.0,16753.0,9338.0,0.0,0.0,0.0,0.0,0.0,0.0,135716.0,3799.0,0.0,1710.0,13132.0,103.0,14945.0,,,,,
2025-08-25,361041.0,6012.0,204729.0,7372.0,10132.0,69188.0,13799.0,20705.0,11084.0,0.0,0.0,0.0,0.0,0.0,0.0,150300.0,6012.0,0.0,1596.0,16346.0,78.0,18020.0,,,,,
2025-08-26,363160.0,5799.0,204890.0,7437.0,10047.0,68685.0,14358.0,21065.0,11309.0,0.0,0.0,0.0,0.0,0.0,0.0,152471.0,5799.0,0.0,1751.0,17750.0,69.0,19570.0,,,,,
2025-08-27,160983.0,2942.0,51947.0,4250.0,6265.0,55451.0,8794.0,12825.0,7188.0,0.0,0.0,0.0,0.0,0.0,0.0,106094.0,2942.0,0.0,1365.0,9874.0,82.0,11321.0,,,,,
2025-08-28,346515.0,5606.0,191516.0,5670.0,9198.0,77451.0,14053.0,12879.0,11203.0,0.0,0.0,0.0,0.0,0.0,0.0,149393.0,5606.0,0.0,1687.0,17160.0,92.0,18939.0,,,,,
2025-08-29,355204.0,5668.0,191545.0,7279.0,10464.0,77885.0,14564.0,20346.0,11261.0,0.0,0.0,0.0,0.0,0.0,0.0,157991.0,5668.0,0.0,1593.0,14525.0,74.0,16192.0,,,,,
2025-08-30,289600.0,4889.0,131827.0,6838.0,10663.0,71754.0,13855.0,20429.0,10748.0,0.0,0.0,0.0,0.0,0.0,0.0,152884.0,4889.0,0.0,1821.0,16679.0,97.0,18597.0,,,,,
2025-08-31,186512.0,3591.0,53966.0,5485.0,8273.0,65513.0,10955.0,16176.0,8987.0,0.0,0.0,0.0,0.0,0.0,0.0,128955.0,3591.0,0.0,1558.0,11885.0,123.0,13566.0,,,,,
2025-09-01,364553.0,5157.0,206473.0,6717.0,10165.0,70580.0,14836.0,20394.0,11848.0,0.0,0.0,0.0,0.0,0.0,0.0,152923.0,5157.0,0.0,1771.0,16527.0,85.0,18383.0,,,,,
2025-09-02,360648.0,4884.0,210035.0,7135.0,9509.0,65878.0,13906.0,19303.0,11279.0,0.0,0.0,0.0,0.0,0.0,0.0,145729.0,4884.0,0.0,1664.0,16948.0,107.0,18719.0,,,,,
2025-09-03,372894.0,5298.0,207188.0,7984.0,10137.0,75944.0,14662.0,20841.0,11208.0,0.0,0.0,0.0,0.0,0.0,0.0,160408.0,5298.0,0.0,1725.0,17815.0,92.0,19632.0,,,,,
2025-09-04,394696.0,5206.0,197453.0,6057.0,11596.0,86048.0,14973.0,22437.0,12450.0,0.0,0.0,0.0,0.0,0.0,0.0,192037.0,5206.0,0.0,2047.0,19521.0,120.0,37837.0,618.0,0.0,16149.0,21.0,0.0
2025-09-05,297081.0,3919.0,126206.0,5908.0,10175.0,74062.0,14315.0,20421.0,10772.0,0.0,0.0,0.0,0.0,0.0,0.0,166956.0,3919.0,0.0,1968.0,17252.0,108.0,30874.0,420.0,0.0,11546.0,9.0,0.0
2025-09-06,289931.0,4248.0,117381.0,5980.0,10962.0,75194.0,14248.0,20777.0,11367.0,0.0,0.0,0.0,0.0,0.0,0.0,168302.0,4248.0,0.0,1842.0,16942.0,136.0,29455.0,316.0,0.0,10535.0,3.0,0.0
2025-09-07,204726.0,3121.0,52904.0,5042.0,9318.0,72678.0,12324.0,17305.0,9869.0,0.0,0.0,0.0,0.0,0.0,0.0,148701.0,3121.0,0.0,1710.0,14097.0,136.0,22037.0,124.0,0.0,6094.0,4.0,0.0
2025-09-08,374694.0,4391.0,200823.0,5332.0,10359.0,69489.0,14613.0,20867.0,11693.0,0.0,0.0,0.0,0.0,0.0,0.0,169480.0,4391.0,0.0,1735.0,17782.0,92.0,36474.0,630.0,0.0,16865.0,23.0,0.0
2025-09-09,373429.0,4115.0,209213.0,4808.0,9499.0,66018.0,13613.0,18226.0,10606.0,0.0,0.0,0.0,0.0,0.0,0.0,160101.0,4115.0,0.0,1579.0,17072.0,92.0,36629.0,679.0,0.0,17885.0,23.0,1.0
2025-09-10,376040.0,4245.0,209224.0,4926.0,9791.0,68781.0,13444.0,19412.0,10962.0,0.0,0.0,0.0,0.0,4.0,0.0,162571.0,4245.0,0.0,1598.0,18345.0,90.0,34584.0,658.0,0.0,14540.0,13.0,11.0
2025-09-11,369327.0,4112.0,206527.0,4809.0,9343.0,67445.0,13385.0,18790.0,10689.0,0.0,0.0,0.0,0.0,0.0,0.0,158688.0,4112.0,0.0,1616.0,18215.0,90.0,33581.0,637.0,0.0,13654.0,9.0,6.0
2025-09-12,375845.0,4324.0,203191.0,6146.0,12106.0,74333.0,15601.0,9634.0,12825.0,0.0,0.0,0.0,0.0,0.0,0.0,168330.0,4324.0,0.0,1967.0,21203.0,112.0,37008.0,661.0,0.0,13723.0,16.0,3.0
2025-09-13,293234.0,4167.0,114562.0,6146.0,11360.0,77252.0,15405.0,21389.0,12021.0,0.0,0.0,0.0,0.0,0.0,0.0,174505.0,4167.0,0.0,2029.0,19780.0,95.0,30644.0,272.0,0.0,8738.0,16.0,2.0
2025-09-14,205212.0,2817.0,54196.0,5003.0,9477.0,71164.0,12291.0,17510.0,10225.0,0.0,0.0,0.0,0.0,0.0,0.0,148199.0,2817.0,0.0,1831.0,15287.0,91.0,22388.0,128.0,0.0,5179.0,13.0,0.0
2025-09-15,367396.0,3816.0,205828.0,5081.0,9619.0,66740.0,13987.0,18587.0,11162.0,0.0,0.0,0.0,0.0,1.0,0.0,157752.0,3816.0,0.0,1639.0,17049.0,60.0,31933.0,630.0,0.0,13185.0,13.0,0.0
2025-09-16,367030.0,3765.0,212997.0,4674.0,9360.0,62391.0,12800.0,16677.0,11015.0,0.0,0.0,0.0,0.0,0.0,0.0,150268.0,3765.0,0.0,1664.0,17295.0,55.0,32695.0,640.0,0.0,13681.0,16.0,0.0
2025-09-17,364267.0,3605.0,212798.0,4786.0,9398.0,65995.0,13315.0,16653.0,11006.0,0.0,0.0,0.0,0.0,0.0,0.0,147864.0,3605.0,0.0,1643.0,12536.0,60.0,26055.0,638.0,0.0,11816.0,18.0,0.0
2025-09-18,367867.0,3579.0,214094.0,4799.0,10001.0,62773.0,13156.0,18124.0,10630.0,0.0,0.0,0.0,0.0,0.0,0.0,150194.0,3579.0,0.0,1620.0,15553.0,94.0,30021.0,666.0,0.0,12754.0,24.0,0.0
2025-09-19,371532.0,3768.0,207811.0,5285.0,10555.0,66567.0,13852.0,19585.0,11861.0,0.0,0.0,0.0,0.0,0.0,0.0,159953.0,3768.0,0.0,1884.0,17025.0,99.0,31588.0,627.0,0.0,12580.0,33.0,0.0
2025-09-20,291921.0,3619.0,132150.0,5360.0,4326.0,71338.0,14084.0,19375.0,11866.0,0.0,0.0,0.0,0.0,2.0,0.0,156152.0,3619.0,0.0,2201.0,18343.0,65.0,29425.0,342.0,0.0,8816.0,36.0,0.0
2025-09-21,174391.0,2218.0,50595.0,3617.0,7065.0,58212.0,10112.0,14601.0,9081.0,0.0,0.0,0.0,0.0,0.0,0.0,121578.0,2218.0,0.0,1690.0,12733.0,45.0,18709.0,116.0,0.0,4241.0,65.0,0.0
2025-09-22,363806.0,3238.0,211914.0,4129.0,7788.0,62831.0,13040.0,18244.0,10794.0,0.0,0.0,0.0,0.0,0.0,0.0,148654.0,3238.0,0.0,1660.0,16581.0,61.0,30766.0,639.0,0.0,12464.0,423.0,0.0
2025-09-23,363081.0,3305.0,214443.0,3741.0,7344.0,61723.0,12669.0,17447.0,10765.0,0.0,0.0,0.0,0.0,0.0,0.0,145333.0,3305.0,0.0,1582.0,15803.0,61.0,29975.0,593.0,0.0,12529.0,1076.0,0.0
2025-09-24,362023.0,3325.0,211413.0,4210.0,7642.0,62930.0,12548.0,17722.0,10385.0,0.0,0.0,0.0,0.0,0.0,0.0,147285.0,3325.0,0.0,1573.0,15828.0,57.0,29965.0,600.0,0.0,12499.0,1283.0,8.0
2025-09-25,384842.0,3446.0,213273.0,1390.0,9107.0,71574.0,14301.0,20683.0,12384.0,0.0,0.0,0.0,0.0,0.0,0.0,168123.0,3446.0,0.0,1897.0,18210.0,61.0,33892.0,2979.0,0.0,13724.0,1813.0,0.0
2025-09-26,382979.0,3464.0,206084.0,4511.0,9230.0,72733.0,14254.0,20550.0,12657.0,0.0,0.0,0.0,0.0,0.0,0.0,173431.0,3464.0,0.0,1927.0,18855.0,69.0,33716.0,3855.0,0.0,12865.0,1925.0,0.0
2025-09-27,302108.0,3313.0,123990.0,5034.0,9976.0,78788.0,13910.0,21121.0,12456.0,0.0,0.0,0.0,0.0,0.0,0.0,174805.0,3313.0,0.0,1842.0,18458.0,74.0,28846.0,2391.0,0.0,8472.0,2283.0,0.0
2025-09-28,205113.0,2610.0,57095.0,4512.0,8019.0,71429.0,11142.0,17350.0,9409.0,0.0,0.0,0.0,0.0,0.0,0.0,145408.0,2610.0,0.0,1836.0,13833.0,76.0,20527.0,1208.0,0.0,4781.0,1812.0,1.0
2025-09-29,362795.0,3069.0,195944.0,4187.0,8851.0,71026.0,13294.0,19740.0,11274.0,0.0,0.0,0.0,0.0,0.0,0.0,163782.0,3069.0,0.0,1768.0,16958.0,83.0,30898.0,2736.0,0.0,12088.0,1776.0,1.0
2025-09-30,374375.0,3165.0,194449.0,4683.0,9417.0,73407.0,14988.0,22207.0,12473.0,0.0,0.0,0.0,0.0,0.0,0.0,176761.0,3165.0,0.0,1898.0,19582.0,96.0,34029.0,3466.0,0.0,12453.0,2091.0,0.0
2025-10-01,199637.0,2048.0,75345.0,2728.0,6467.0,58605.0,9934.0,14209.0,8330.0,0.0,0.0,0.0,0.0,0.0,0.0,122244.0,2048.0,0.0,1147.0,12146.0,58.0,18487.0,2065.0,0.0,5125.0,1419.0,11.0
2025-10-02,182619.0,2122.0,55602.0,2978.0,6877.0,64274.0,8945.0,13812.0,7661.0,0.0,0.0,0.0,0.0,0.0,0.0,124895.0,2122.0,0.0,1183.0,12296.0,74.0,17625.0,1066.0,0.0,4061.0,1657.0,11.0
2025-10-03,307406.0,2658.0,156271.0,3088.0,7938.0,67534.0,11357.0,17889.0,9535.0,0.0,0.0,0.0,0.0,0.0,0.0,148477.0,2658.0,0.0,1500.0,16383.0,64.0,27159.0,2330.0,0.0,9203.0,1647.0,9.0
2025-10-04,272378.0,2699.0,115869.0,3936.0,8301.0,68461.0,11450.0,17717.0,9590.0,0.0,0.0,0.0,0.0,0.0,0.0,153810.0,2699.0,0.0,1571.0,15786.0,66.0,24727.0,1682.0,5965.0,7304.0,1981.0,0.0
2025-10-05,198923.0,2191.0,53881.0,3625.0,7891.0,71786.0,11052.0,16823.0,9755.0,0.0,0.0,0.0,0.0,0.0,0.0,142851.0,2191.0,0.0,1672.0,13774.0,91.0,19906.0,0.0,0.0,4369.0,2013.0,0.0
2025-10-06,367073.0,3009.0,206403.0,4089.0,8628.0,65468.0,12445.0,20351.0,12512.0,0.0,0.0,0.0,0.0,0.0,0.0,157661.0,3009.0,0.0,1793.0,18187.0,101.0,32163.0,0.0,0.0,12082.0,2005.0,0.0
2025-10-07,367228.0,2902.0,210443.0,3722.0,7761.0,65941.0,12510.0,18614.0,10809.0,0.0,0.0,0.0,0.0,0.0,0.0,153883.0,2902.0,0.0,1605.0,18701.0,45.0,32584.0,0.0,0.0,12233.0,1942.0,0.0
2025-10-08,367842.0,2975.0,210922.0,3507.0,8072.0,64167.0,12437.0,18917.0,10542.0,0.0,0.0,0.0,0.0,0.0,0.0,153945.0,2975.0,0.0,1639.0,18769.0,62.0,32820.0,1491.0,0.0,12341.0,1992.0,9.0
2025-10-09,362293.0,2829.0,211911.0,3625.0,7800.0,61606.0,12119.0,17912.0,10153.0,0.0,0.0,0.0,0.0,0.0,0.0,147553.0,2829.0,0.0,1547.0,18416.0,70.0,32424.0,0.0,0.0,12383.0,1914.0,8.0
2025-10-10,374964.0,3102.0,209310.0,4078.0,8469.0,65982.0,13415.0,20388.0,11375.0,0.0,0.0,0.0,0.0,0.0,0.0,162552.0,3102.0,0.0,1648.0,21132.0,55.0,35630.0,916.0,0.0,12786.0,2299.0,9.0
2025-10-11,286103.0,3024.0,117479.0,4447.0,9545.0,71276.0,13715.0,20783.0,11448.0,0.0,0.0,0.0,0.0,0.0,0.0,165600.0,3024.0,0.0,2013.0,20708.0,82.0,31590.0,0.0,0.0,8772.0,2796.0,15.0
2025-10-12,212024.0,2276.0,57876.0,4300.0,8617.0,71492.0,11824.0,18450.0,10029.0,0.0,0.0,0.0,0.0,0.0,0.0,151872.0,2276.0,0.0,1841.0,17692.0,92.0,24757.0,0.0,0.0,5117.0,2403.0,15.0
2025-10-13,373186.0,2838.0,210739.0,3968.0,8400.0,65093.0,12961.0,19234.0,11104.0,0.0,0.0,0.0,0.0,0.0,0.0,159609.0,2838.0,0.0,1599.0,19649.0,99.0,33834.0,2944.0,0.0,12480.0,2071.0,7.0
2025-10-14,373287.0,2664.0,215148.0,3752.0,7958.0,61957.0,12545.0,18724.0,10608.0,0.0,0.0,0.0,0.0,0.0,0.0,155475.0,2664.0,0.0,1546.0,19472.0,75.0,33816.0,4125.0,0.0,12723.0,1990.0,0.0
2025-10-15,377489.0,2790.0,214125.0,4019.0,9023.0,65853.0,13748.0,14126.0,11475.0,0.0,0.0,0.0,0.0,0.0,0.0,160574.0,2790.0,0.0,1799.0,21056.0,69.0,35858.0,4030.0,0.0,12933.0,2442.0,1.0
2025-10-16,380295.0,2800.0,211501.0,4089.0,9074.0,65599.0,13496.0,19902.0,11532.0,0.0,0.0,0.0,0.0,0.0,0.0,165994.0,2800.0,0.0,1917.0,21027.0,79.0,35950.0,3983.0,0.0,12927.0,2369.0,0.0
2025-10-17,402458.0,3115.0,206020.0,5493.0,10894.0,74569.0,16193.0,24410.0,13837.0,0.0,0.0,0.0,0.0,0.0,0.0,193323.0,3115.0,0.0,2332.0,25527.0,106.0,41126.0,3882.0,0.0,13161.0,2919.0,0.0
2025-10-18,278958.0,2745.0,115508.0,4751.0,9100.0,70164.0,12604.0,19231.0,11310.0,0.0,0.0,0.0,0.0,0.0,0.0,160705.0,2745.0,0.0,1613.0,19550.0,98.0,28552.0,2708.0,0.0,7290.0,2285.0,1.0
2025-10-19,139208.0,1483.0,41507.0,2595.0,4738.0,49896.0,6581.0,9549.0,6277.0,0.0,0.0,0.0,0.0,0.0,0.0,96218.0,1483.0,0.0,798.0,10154.0,46.0,14095.0,1164.0,0.0,3097.0,1323.0,0.0
2025-10-20,100778.0,908.0,28981.0,1713.0,3106.0,39255.0,4785.0,6553.0,4598.0,0.0,0.0,0.0,0.0,0.0,0.0,70889.0,908.0,0.0,504.0,6830.0,62.0,9506.0,545.0,0.0,2110.0,828.0,0.0
2025-10-21,47368.0,257.0,23804.0,710.0,1278.0,8984.0,2174.0,3129.0,1820.0,0.0,0.0,0.0,0.0,0.0,0.0,23307.0,257.0,0.0,301.0,2392.0,18.0,4335.0,549.0,0.0,1624.0,328.0,0.0
2025-10-22,0.0,0.0,0.0,0.0,0.0,0.0,0.0,0.0,0.0,0.0,0.0,0.0,0.0,0.0,0.0,0.0,0.0,0.0,0.0,0.0,0.0,0.0,0.0,0.0,0.0,0.0,0.0
2025-10-23,0.0,0.0,0.0,0.0,0.0,0.0,0.0,0.0,0.0,0.0,0.0,0.0,0.0,0.0,0.0,0.0,0.0,0.0,0.0,0.0,0.0,0.0,0.0,0.0,0.0,0.0,0.0
2025-10-24,358791.0,2528.0,201830.0,4112.0,8076.0,64695.0,12148.0,17736.0,10340.0,0.0,0.0,0.0,0.0,0.0,0.0,154433.0,2528.0,0.0,1519.0,18868.0,85.0,32295.0,2643.0,0.0,11823.0,2388.0,0.0
2025-10-25,290690.0,2486.0,139919.0,4255.0,8027.0,64053.0,11340.0,17095.0,9482.0,0.0,0.0,0.0,0.0,0.0,0.0,148285.0,2486.0,0.0,1509.0,18255.0,74.0,28731.0,2725.0,0.0,8893.0,2577.0,0.0
2025-10-26,191436.0,1950.0,56519.0,3790.0,7669.0,63885.0,9796.0,14782.0,8540.0,0.0,0.0,0.0,0.0,0.0,0.0,132967.0,1950.0,0.0,1453.0,14745.0,62.0,20902.0,1367.0,0.0,4642.0,2236.0,0.0
2025-10-27,359805.0,2604.0,199151.0,4088.0,8304.0,64912.0,12715.0,18588.0,11009.0,0.0,0.0,0.0,0.0,0.0,0.0,158050.0,2604.0,0.0,1527.0,19286.0,109.0,33075.0,2930.0,0.0,12153.0,2429.0,0.0
2025-10-28,296464.0,2070.0,167741.0,3206.0,6636.0,49357.0,10654.0,14640.0,9216.0,0.0,0.0,0.0,0.0,0.0,0.0,126653.0,2070.0,0.0,1424.0,15516.0,61.0,27678.0,3302.0,0.0,10677.0,1964.0,0.0
2025-10-29,348344.0,2300.0,203026.0,3554.0,7317.0,56633.0,11512.0,16428.0,9940.0,0.0,0.0,0.0,0.0,0.0,0.0,143018.0,2300.0,0.0,1407.0,17579.0,92.0,31641.0,3684.0,0.0,12563.0,2309.0,0.0
2025-10-30,354911.0,2337.0,199846.0,3825.0,7694.0,63144.0,11998.0,17086.0,9877.0,0.0,0.0,0.0,0.0,0.0,0.0,152728.0,2337.0,0.0,1491.0,18750.0,89.0,32682.0,3908.0,0.0,12352.0,2514.0,0.0
2025-10-31,359050.0,2512.0,193161.0,4253.0,8346.0,66694.0,13241.0,18776.0,11117.0,0.0,0.0,0.0,0.0,0.0,0.0,163377.0,2512.0,0.0,1644.0,20239.0,123.0,34408.0,3773.0,0.0,12402.0,2769.0,0.0
2025-11-01,300870.0,2487.0,133121.0,4732.0,9301.0,69686.0,12811.0,18526.0,11741.0,0.0,0.0,0.0,0.0,0.0,0.0,165262.0,2487.0,0.0,1856.0,21331.0,115.0,32515.0,2826.0,0.0,9213.0,3124.0,0.0
2025-11-02,199794.0,1822.0,54620.0,4220.0,8207.0,68843.0,10340.0,15236.0,9148.0,0.0,0.0,0.0,0.0,0.0,0.0,143352.0,1822.0,0.0,1665.0,16940.0,154.0,23378.0,1403.0,0.0,4619.0,2577.0,0.0
2025-11-03,355610.0,2420.0,192663.0,4064.0,8169.0,67347.0,12664.0,17908.0,10687.0,0.0,0.0,0.0,0.0,0.0,0.0,160527.0,2420.0,0.0,1510.0,20683.0,136.0,34138.0,2989.0,0.0,11809.0,2561.0,0.0
2025-11-04,352532.0,2140.0,200682.0,3748.0,7741.0,59677.0,11777.0,16955.0,10649.0,0.0,0.0,0.0,0.0,0.0,0.0,149710.0,2140.0,0.0,1359.0,19729.0,86.0,33134.0,3860.0,0.0,11960.0,2169.0,0.0
2025-11-05,345914.0,2200.0,193907.0,3900.0,7559.0,60962.0,11540.0,16731.0,10211.0,0.0,0.0,0.0,0.0,0.0,0.0,149807.0,2200.0,0.0,1492.0,19304.0,86.0,32615.0,3904.0,0.0,11733.0,2385.0,0.0
2025-11-06,352503.0,2245.0,200557.0,3912.0,7926.0,60181.0,11905.0,16828.0,10479.0,0.0,0.0,0.0,0.0,0.0,0.0,149701.0,2245.0,0.0,1676.0,20380.0,101.0,32164.0,3905.0,0.0,10007.0,2401.0,0.0
2025-11-07,359429.0,2375.0,195957.0,4255.0,8325.0,63603.0,12880.0,18565.0,11648.0,0.0,0.0,0.0,0.0,0.0,0.0,161097.0,2375.0,0.0,1663.0,21668.0,122.0,35265.0,3859.0,0.0,11812.0,2697.0,0.0
2025-11-08,278573.0,2313.0,114025.0,4929.0,8789.0,68899.0,13036.0,18507.0,11139.0,0.0,0.0,0.0,0.0,0.0,0.0,162235.0,2313.0,0.0,1891.0,21438.0,111.0,31218.0,2534.0,0.0,7778.0,3184.0,0.0
2025-11-09,193659.0,1675.0,52837.0,3871.0,7793.0,66174.0,10261.0,15625.0,9314.0,0.0,0.0,0.0,0.0,0.0,0.0,139147.0,1675.0,0.0,1603.0,16115.0,125.0,22314.0,1234.0,0.0,4471.0,2561.0,0.0
2025-11-10,360147.0,2146.0,197691.0,4231.0,8139.0,66180.0,12560.0,17992.0,10692.0,0.0,0.0,0.0,0.0,0.0,0.0,160310.0,2146.0,0.0,1681.0,20864.0,140.0,34843.0,3111.0,0.0,12158.0,2562.0,0.0
2025-11-11,344876.0,2053.0,198680.0,3877.0,7427.0,57386.0,11375.0,15383.0,10002.0,0.0,0.0,0.0,0.0,0.0,0.0,144143.0,2053.0,0.0,1378.0,19162.0,102.0,32303.0,3887.0,0.0,11661.0,2503.0,0.0
2025-11-12,349580.0,2069.0,202300.0,3736.0,7356.0,58014.0,11166.0,16239.0,9370.0,0.0,0.0,0.0,0.0,0.0,0.0,145211.0,2069.0,0.0,1430.0,19164.0,77.0,32815.0,3926.0,0.0,12144.0,2589.0,0.0
2025-11-13,345195.0,1916.0,198768.0,3780.0,7473.0,57243.0,10510.0,15398.0,9249.0,0.0,0.0,0.0,0.0,0.0,0.0,144511.0,1916.0,0.0,1300.0,19113.0,71.0,32164.0,3796.0,0.0,11680.0,4898.0,0.0
2025-11-14,356635.0,2146.0,196317.0,4084.0,7601.0,63041.0,12180.0,17602.0,10740.0,0.0,0.0,0.0,0.0,0.0,0.0,158172.0,2146.0,0.0,1483.0,20584.0,97.0,34030.0,3728.0,0.0,11866.0,5166.0,0.0
2025-11-15,291804.0,2155.0,128951.0,4707.0,8406.0,69527.0,11895.0,18067.0,10276.0,0.0,0.0,0.0,0.0,0.0,0.0,160698.0,2155.0,0.0,1591.0,20069.0,160.0,30121.0,2707.0,0.0,8301.0,4992.0,0.0
2025-11-16,188258.0,1620.0,52662.0,4076.0,6989.0,65765.0,9351.0,14024.0,8260.0,0.0,0.0,0.0,0.0,0.0,0.0,133976.0,1620.0,0.0,1411.0,14514.0,95.0,20452.0,1346.0,0.0,4432.0,3713.0,0.0
2025-11-17,342204.0,1833.0,195900.0,3913.0,7273.0,57106.0,11342.0,16371.0,9662.0,0.0,0.0,0.0,0.0,0.0,0.0,144471.0,1833.0,0.0,1377.0,18646.0,85.0,31805.0,2983.0,0.0,11697.0,4016.0,0.0
2025-11-18,338904.0,1777.0,199168.0,3515.0,6610.0,54373.0,10868.0,14969.0,9070.0,0.0,0.0,0.0,0.0,0.0,0.0,137959.0,1777.0,0.0,1255.0,17973.0,73.0,31054.0,3745.0,0.0,11753.0,3755.0,0.0
2025-11-19,342474.0,1820.0,201086.0,3577.0,6713.0,55310.0,10474.0,15208.0,9222.0,0.0,0.0,0.0,0.0,0.0,0.0,139568.0,1820.0,0.0,1304.0,18041.0,76.0,31358.0,3794.0,0.0,11936.0,3912.0,1.0
2025-11-20,338673.0,1792.0,198198.0,3664.0,6458.0,54791.0,10611.0,15090.0,9143.0,0.0,0.0,0.0,0.0,0.0,0.0,138683.0,1792.0,0.0,1329.0,17858.0,80.0,31465.0,3743.0,0.0,12198.0,3718.0,0.0
2025-11-21,348400.0,2059.0,192731.0,4202.0,7383.0,60620.0,12066.0,17628.0,10227.0,0.0,0.0,0.0,0.0,0.0,0.0,153610.0,2059.0,0.0,1507.0,19733.0,123.0,33444.0,3587.0,0.0,12081.0,4453.0,0.0
2025-11-22,278973.0,2074.0,121219.0,4590.0,7907.0,69242.0,11432.0,15836.0,10000.0,0.0,0.0,0.0,0.0,0.0,0.0,155680.0,2074.0,0.0,1572.0,19827.0,86.0,29744.0,2434.0,0.0,8259.0,4495.0,0.0
2025-11-23,185814.0,1599.0,52488.0,3782.0,6568.0,66310.0,9074.0,11750.0,8431.0,0.0,0.0,0.0,0.0,0.0,0.0,131727.0,1599.0,0.0,1440.0,15201.0,118.0,21193.0,1172.0,0.0,4434.0,3447.0,0.0
2025-11-24,347258.0,1900.0,197845.0,4109.0,7318.0,60371.0,11238.0,14600.0,10000.0,0.0,0.0,0.0,0.0,0.0,0.0,147513.0,1900.0,0.0,1381.0,19134.0,101.0,32809.0,2960.0,0.0,12193.0,4108.0,0.0
2025-11-25,344889.0,1835.0,200404.0,3595.0,7196.0,57218.0,10921.0,14209.0,9316.0,0.0,0.0,0.0,0.0,0.0,0.0,142650.0,1835.0,0.0,1293.0,18952.0,112.0,32383.0,3746.0,0.0,12026.0,4066.0,0.0
2025-11-26,347572.0,1798.0,200032.0,3747.0,7059.0,58442.0,10865.0,15236.0,9539.0,0.0,0.0,0.0,0.0,0.0,0.0,145742.0,1798.0,0.0,1297.0,19005.0,120.0,32937.0,3786.0,0.0,12515.0,4131.0,0.0
2025-11-27,340815.0,1802.0,193272.0,3840.0,7073.0,59040.0,11018.0,15608.0,9200.0,0.0,0.0,0.0,0.0,0.0,0.0,145741.0,1802.0,0.0,1397.0,18698.0,117.0,32222.0,3698.0,0.0,12010.0,4042.0,0.0
2025-11-28,344206.0,1964.0,189505.0,4227.0,7741.0,59823.0,11667.0,17050.0,10205.0,0.0,0.0,0.0,0.0,0.0,0.0,152737.0,1964.0,0.0,1467.0,19919.0,106.0,33708.0,3531.0,0.0,12216.0,4785.0,0.0
2025-11-29,267683.0,1743.0,123393.0,4028.0,7247.0,60470.0,10934.0,15611.0,9435.0,0.0,0.0,0.0,0.0,0.0,0.0,142547.0,1743.0,0.0,1447.0,18142.0,140.0,28016.0,2544.0,0.0,8287.0,4262.0,0.0
2025-11-30,157540.0,1240.0,47219.0,3081.0,5629.0,52376.0,8069.0,11500.0,7251.0,0.0,0.0,0.0,0.0,0.0,0.0,109081.0,1240.0,0.0,1052.0,11972.0,109.0,17206.0,1225.0,0.0,4073.0,2744.0,0.0
2025-12-01,305852.0,1658.0,165562.0,3900.0,7210.0,55733.0,10516.0,15836.0,9300.0,0.0,0.0,0.0,0.0,0.0,0.0,138632.0,1658.0,0.0,1355.0,17395.0,103.0,29880.0,2544.0,0.0,11026.0,3713.0,1.0
2025-12-02,234276.0,1438.0,129050.0,2882.0,5110.0,42432.0,8351.0,11466.0,7377.0,0.0,0.0,0.0,0.0,0.0,0.0,103788.0,1438.0,0.0,1063.0,11663.0,76.0,20807.0,2584.0,0.0,8004.0,2779.0,1.0
2025-12-03,230695.0,1288.0,128690.0,2830.0,4905.0,40048.0,8314.0,11030.0,7026.0,0.0,0.0,0.0,0.0,0.0,0.0,100717.0,1288.0,0.0,1056.0,11993.0,113.0,21338.0,2447.0,0.0,8176.0,2779.0,0.0
2025-12-04,321169.0,1455.0,185220.0,3615.0,6421.0,51841.0,10441.0,14871.0,8324.0,0.0,0.0,0.0,0.0,0.0,0.0,134494.0,1455.0,0.0,1321.0,18486.0,111.0,31868.0,3189.0,0.0,11950.0,3924.0,0.0
2025-12-05,363519.0,1994.0,201640.0,4025.0,8132.0,64864.0,11909.0,17017.0,9915.0,0.0,0.0,0.0,0.0,0.0,0.0,159885.0,1994.0,0.0,1500.0,21859.0,103.0,35751.0,3676.0,0.0,12287.0,4596.0,2.0
2025-12-06,310473.0,2122.0,141196.0,4797.0,8607.0,72174.0,12043.0,18561.0,9829.0,0.0,0.0,0.0,0.0,0.0,0.0,167155.0,2122.0,0.0,1663.0,22285.0,155.0,33227.0,2808.0,0.0,9124.0,5109.0,0.0
2025-12-07,189780.0,1440.0,54104.0,4111.0,7229.0,61009.0,9953.0,14690.0,8601.0,0.0,0.0,0.0,0.0,0.0,0.0,134236.0,1440.0,0.0,1602.0,16663.0,123.0,23130.0,1405.0,0.0,4742.0,4108.0,0.0
2025-12-08,364545.0,1801.0,204127.0,4087.0,7745.0,63541.0,11834.0,17417.0,9994.0,0.0,0.0,0.0,0.0,0.0,0.0,158617.0,1801.0,0.0,1522.0,21818.0,148.0,36310.0,3039.0,0.0,12822.0,4650.0,0.0
2025-12-09,362244.0,1724.0,209899.0,3885.0,7122.0,58430.0,11317.0,16262.0,9098.0,0.0,0.0,0.0,0.0,0.0,0.0,150621.0,1724.0,0.0,1499.0,21581.0,115.0,36015.0,3832.0,0.0,12820.0,4660.0,0.0
2025-12-10,367131.0,1746.0,209462.0,4066.0,7288.0,63545.0,11293.0,16406.0,9028.0,0.0,0.0,0.0,0.0,0.0,0.0,155923.0,1746.0,0.0,1495.0,21685.0,117.0,36005.0,3750.0,0.0,12708.0,4542.0,0.0
2025-12-11,357274.0,1801.0,206986.0,4029.0,7101.0,57603.0,11002.0,15900.0,8893.0,0.0,0.0,0.0,0.0,0.0,0.0,148487.0,1801.0,0.0,1411.0,21164.0,104.0,35526.0,3692.0,0.0,12846.0,4741.0,1.0
2025-12-12,368892.0,1855.0,204130.0,4472.0,8170.0,62701.0,12539.0,18089.0,10023.0,0.0,0.0,0.0,0.0,0.0,0.0,162907.0,1855.0,0.0,1650.0,22889.0,99.0,37886.0,3701.0,0.0,13248.0,5326.0,0.0
